policy,office_days,remote_days,replication,seed,flexibility,collaboration,functional_form,simulation_days,n_employees,initial_engagement,final_engagement,relative_improvement,initial_engagement_assumption
P1,5,0,1,42,0.2,1.0,nonlinear,365,100,0.3,0.565491168154797,88.49705605159902,0.3
P1,5,0,2,43,0.2,1.0,nonlinear,365,100,0.3,0.5700615352520774,90.02051175069246,0.3
P1,5,0,3,44,0.2,1.0,nonlinear,365,100,0.3,0.5671916812429593,89.0638937476531,0.3
P1,5,0,4,45,0.2,1.0,nonlinear,365,100,0.3,0.5711612097526518,90.38706991755062,0.3
P1,5,0,5,46,0.2,1.0,nonlinear,365,100,0.3,0.5682945948800431,89.43153162668104,0.3
P1,5,0,6,47,0.2,1.0,nonlinear,365,100,0.3,0.5709429044813423,90.31430149378077,0.3
P1,5,0,7,48,0.2,1.0,nonlinear,365,100,0.3,0.568170370959597,89.390123653199,0.3
P1,5,0,8,49,0.2,1.0,nonlinear,365,100,0.3,0.5720571954897763,90.68573182992544,0.3
P1,5,0,9,50,0.2,1.0,nonlinear,365,100,0.3,0.5682748508808267,89.42495029360892,0.3
P1,5,0,10,51,0.2,1.0,nonlinear,365,100,0.3,0.5729101659090354,90.97005530301182,0.3
P1,5,0,11,52,0.2,1.0,nonlinear,365,100,0.3,0.5728114082713327,90.93713609044424,0.3
P1,5,0,12,53,0.2,1.0,nonlinear,365,100,0.3,0.5693642231595485,89.78807438651617,0.3
P1,5,0,13,54,0.2,1.0,nonlinear,365,100,0.3,0.5699443519878323,89.98145066261078,0.3
P1,5,0,14,55,0.2,1.0,nonlinear,365,100,0.3,0.571460611114513,90.48687037150432,0.3
P1,5,0,15,56,0.2,1.0,nonlinear,365,100,0.3,0.5727250429404851,90.90834764682837,0.3
P1,5,0,16,57,0.2,1.0,nonlinear,365,100,0.3,0.5651091819515601,88.36972731718672,0.3
P1,5,0,17,58,0.2,1.0,nonlinear,365,100,0.3,0.5747007313099156,91.56691043663855,0.3
P1,5,0,18,59,0.2,1.0,nonlinear,365,100,0.3,0.5678824090956299,89.29413636520998,0.3
P1,5,0,19,60,0.2,1.0,nonlinear,365,100,0.3,0.5685955128837415,89.53183762791386,0.3
P1,5,0,20,61,0.2,1.0,nonlinear,365,100,0.3,0.5639350602034837,87.97835340116124,0.3
P1,5,0,21,62,0.2,1.0,nonlinear,365,100,0.3,0.5703557001726058,90.11856672420195,0.3
P1,5,0,22,63,0.2,1.0,nonlinear,365,100,0.3,0.5641133798725254,88.03779329084182,0.3
P1,5,0,23,64,0.2,1.0,nonlinear,365,100,0.3,0.568793384644227,89.59779488140902,0.3
P1,5,0,24,65,0.2,1.0,nonlinear,365,100,0.3,0.5764800635054464,92.16002116848216,0.3
P1,5,0,25,66,0.2,1.0,nonlinear,365,100,0.3,0.5661672102504461,88.72240341681538,0.3
P1,5,0,26,67,0.2,1.0,nonlinear,365,100,0.3,0.572023134495854,90.67437816528466,0.3
P1,5,0,27,68,0.2,1.0,nonlinear,365,100,0.3,0.5773887245091845,92.46290816972818,0.3
P1,5,0,28,69,0.2,1.0,nonlinear,365,100,0.3,0.576366273338781,92.12209111292701,0.3
P1,5,0,29,70,0.2,1.0,nonlinear,365,100,0.3,0.5679293424595128,89.3097808198376,0.3
P1,5,0,30,71,0.2,1.0,nonlinear,365,100,0.3,0.5696517240059301,89.8839080019767,0.3
P2,4,1,1,42,0.5050245465765446,0.9155417527999328,nonlinear,365,100,0.3,0.5946933278883983,98.23110929613279,0.3
P2,4,1,2,43,0.5050245465765446,0.9155417527999328,nonlinear,365,100,0.3,0.5980865727667604,99.36219092225346,0.3
P2,4,1,3,44,0.5050245465765446,0.9155417527999328,nonlinear,365,100,0.3,0.5959579930622285,98.65266435407618,0.3
P2,4,1,4,45,0.5050245465765446,0.9155417527999328,nonlinear,365,100,0.3,0.599744209805553,99.914736601851,0.3
P2,4,1,5,46,0.5050245465765446,0.9155417527999328,nonlinear,365,100,0.3,0.5968580512362779,98.95268374542597,0.3
P2,4,1,6,47,0.5050245465765446,0.9155417527999328,nonlinear,365,100,0.3,0.5999189977081952,99.97299923606508,0.3
P2,4,1,7,48,0.5050245465765446,0.9155417527999328,nonlinear,365,100,0.3,0.5964007073106269,98.80023577020897,0.3
P2,4,1,8,49,0.5050245465765446,0.9155417527999328,nonlinear,365,100,0.3,0.5993733306536904,99.7911102178968,0.3
P2,4,1,9,50,0.5050245465765446,0.9155417527999328,nonlinear,365,100,0.3,0.5952631653229054,98.42105510763513,0.3
P2,4,1,10,51,0.5050245465765446,0.9155417527999328,nonlinear,365,100,0.3,0.6021999776771689,100.73332589238966,0.3
P2,4,1,11,52,0.5050245465765446,0.9155417527999328,nonlinear,365,100,0.3,0.6014728732677752,100.49095775592507,0.3
P2,4,1,12,53,0.5050245465765446,0.9155417527999328,nonlinear,365,100,0.3,0.5986509982183718,99.55033273945726,0.3
P2,4,1,13,54,0.5050245465765446,0.9155417527999328,nonlinear,365,100,0.3,0.5986406206400189,99.54687354667297,0.3
P2,4,1,14,55,0.5050245465765446,0.9155417527999328,nonlinear,365,100,0.3,0.6000588939666351,100.01963132221172,0.3
P2,4,1,15,56,0.5050245465765446,0.9155417527999328,nonlinear,365,100,0.3,0.6002122125031926,100.07073750106419,0.3
P2,4,1,16,57,0.5050245465765446,0.9155417527999328,nonlinear,365,100,0.3,0.5944012273304171,98.13374244347239,0.3
P2,4,1,17,58,0.5050245465765446,0.9155417527999328,nonlinear,365,100,0.3,0.6015841840127282,100.52806133757606,0.3
P2,4,1,18,59,0.5050245465765446,0.9155417527999328,nonlinear,365,100,0.3,0.5973343232360567,99.11144107868559,0.3
P2,4,1,19,60,0.5050245465765446,0.9155417527999328,nonlinear,365,100,0.3,0.5966053981979871,98.86846606599569,0.3
P2,4,1,20,61,0.5050245465765446,0.9155417527999328,nonlinear,365,100,0.3,0.5931474192605086,97.71580642016954,0.3
P2,4,1,21,62,0.5050245465765446,0.9155417527999328,nonlinear,365,100,0.3,0.6012083394280685,100.40277980935616,0.3
P2,4,1,22,63,0.5050245465765446,0.9155417527999328,nonlinear,365,100,0.3,0.5936285033076918,97.8761677692306,0.3
P2,4,1,23,64,0.5050245465765446,0.9155417527999328,nonlinear,365,100,0.3,0.5954589949204945,98.48633164016483,0.3
P2,4,1,24,65,0.5050245465765446,0.9155417527999328,nonlinear,365,100,0.3,0.6044788412230414,101.49294707434716,0.3
P2,4,1,25,66,0.5050245465765446,0.9155417527999328,nonlinear,365,100,0.3,0.5968852131022013,98.96173770073379,0.3
P2,4,1,26,67,0.5050245465765446,0.9155417527999328,nonlinear,365,100,0.3,0.6009188129811314,100.30627099371046,0.3
P2,4,1,27,68,0.5050245465765446,0.9155417527999328,nonlinear,365,100,0.3,0.6058555162092897,101.9518387364299,0.3
P2,4,1,28,69,0.5050245465765446,0.9155417527999328,nonlinear,365,100,0.3,0.6041234332086565,101.37447773621884,0.3
P2,4,1,29,70,0.5050245465765446,0.9155417527999328,nonlinear,365,100,0.3,0.5985264869467766,99.50882898225886,0.3
P2,4,1,30,71,0.5050245465765446,0.9155417527999328,nonlinear,365,100,0.3,0.5965811367150394,98.86037890501315,0.3
P3,3,2,1,42,0.7094886146797341,0.8196773353931868,nonlinear,365,100,0.3,0.6026945948061546,100.89819826871822,0.3
P3,3,2,2,43,0.7094886146797341,0.8196773353931868,nonlinear,365,100,0.3,0.6051253219672319,101.70844065574398,0.3
P3,3,2,3,44,0.7094886146797341,0.8196773353931868,nonlinear,365,100,0.3,0.6037358088373983,101.24526961246612,0.3
P3,3,2,4,45,0.7094886146797341,0.8196773353931868,nonlinear,365,100,0.3,0.6071313451985219,102.37711506617396,0.3
P3,3,2,5,46,0.7094886146797341,0.8196773353931868,nonlinear,365,100,0.3,0.6045429963558883,101.51433211862944,0.3
P3,3,2,6,47,0.7094886146797341,0.8196773353931868,nonlinear,365,100,0.3,0.6076585657854765,102.55285526182551,0.3
P3,3,2,7,48,0.7094886146797341,0.8196773353931868,nonlinear,365,100,0.3,0.6037085190264093,101.23617300880312,0.3
P3,3,2,8,49,0.7094886146797341,0.8196773353931868,nonlinear,365,100,0.3,0.6061072200318437,102.03574001061457,0.3
P3,3,2,9,50,0.7094886146797341,0.8196773353931868,nonlinear,365,100,0.3,0.6017777925624497,100.59259752081657,0.3
P3,3,2,10,51,0.7094886146797341,0.8196773353931868,nonlinear,365,100,0.3,0.609802295374775,103.26743179159168,0.3
P3,3,2,11,52,0.7094886146797341,0.8196773353931868,nonlinear,365,100,0.3,0.6089494514033583,102.98315046778612,0.3
P3,3,2,12,53,0.7094886146797341,0.8196773353931868,nonlinear,365,100,0.3,0.6066677656009194,102.22258853363981,0.3
P3,3,2,13,54,0.7094886146797341,0.8196773353931868,nonlinear,365,100,0.3,0.6062531363858802,102.08437879529339,0.3
P3,3,2,14,55,0.7094886146797341,0.8196773353931868,nonlinear,365,100,0.3,0.607490016666351,102.49667222211703,0.3
P3,3,2,15,56,0.7094886146797341,0.8196773353931868,nonlinear,365,100,0.3,0.6070202179382044,102.34007264606812,0.3
P3,3,2,16,57,0.7094886146797341,0.8196773353931868,nonlinear,365,100,0.3,0.6024892456306554,100.82974854355183,0.3
P3,3,2,17,58,0.7094886146797341,0.8196773353931868,nonlinear,365,100,0.3,0.6079399285044271,102.64664283480904,0.3
P3,3,2,18,59,0.7094886146797341,0.8196773353931868,nonlinear,365,100,0.3,0.6054342200779502,101.81140669265008,0.3
P3,3,2,19,60,0.7094886146797341,0.8196773353931868,nonlinear,365,100,0.3,0.6038173068759568,101.27243562531893,0.3
P3,3,2,20,61,0.7094886146797341,0.8196773353931868,nonlinear,365,100,0.3,0.6011560650538099,100.38535501793663,0.3
P3,3,2,21,62,0.7094886146797341,0.8196773353931868,nonlinear,365,100,0.3,0.6103161073904858,103.43870246349528,0.3
P3,3,2,22,63,0.7094886146797341,0.8196773353931868,nonlinear,365,100,0.3,0.601870900381689,100.623633460563,0.3
P3,3,2,23,64,0.7094886146797341,0.8196773353931868,nonlinear,365,100,0.3,0.6016872455494382,100.56241518314609,0.3
P3,3,2,24,65,0.7094886146797341,0.8196773353931868,nonlinear,365,100,0.3,0.6113871536526939,103.79571788423132,0.3
P3,3,2,25,66,0.7094886146797341,0.8196773353931868,nonlinear,365,100,0.3,0.6058068728367084,101.93562427890282,0.3
P3,3,2,26,67,0.7094886146797341,0.8196773353931868,nonlinear,365,100,0.3,0.6086461806249888,102.88206020832959,0.3
P3,3,2,27,68,0.7094886146797341,0.8196773353931868,nonlinear,365,100,0.3,0.6131405536430784,104.3801845476928,0.3
P3,3,2,28,69,0.7094886146797341,0.8196773353931868,nonlinear,365,100,0.3,0.6110995125682777,103.69983752275922,0.3
P3,3,2,29,70,0.7094886146797341,0.8196773353931868,nonlinear,365,100,0.3,0.6074063374901257,102.46877916337525,0.3
P3,3,2,30,71,0.7094886146797341,0.8196773353931868,nonlinear,365,100,0.3,0.6030241135933981,101.00803786446606,0.3
P4,2,3,1,42,0.8465449782232979,0.7059644256269408,nonlinear,365,100,0.3,0.5957495755287276,98.58319184290923,0.3
P4,2,3,2,43,0.8465449782232979,0.7059644256269408,nonlinear,365,100,0.3,0.5972393625108464,99.07978750361548,0.3
P4,2,3,3,44,0.8465449782232979,0.7059644256269408,nonlinear,365,100,0.3,0.5966579853306989,98.88599511023298,0.3
P4,2,3,4,45,0.8465449782232979,0.7059644256269408,nonlinear,365,100,0.3,0.5995086961219831,99.83623204066105,0.3
P4,2,3,5,46,0.8465449782232979,0.7059644256269408,nonlinear,365,100,0.3,0.5974319427280869,99.1439809093623,0.3
P4,2,3,6,47,0.8465449782232979,0.7059644256269408,nonlinear,365,100,0.3,0.600401127492032,100.13370916401068,0.3
P4,2,3,7,48,0.8465449782232979,0.7059644256269408,nonlinear,365,100,0.3,0.5961611734472327,98.72039114907759,0.3
P4,2,3,8,49,0.8465449782232979,0.7059644256269408,nonlinear,365,100,0.3,0.5981439995714708,99.38133319049027,0.3
P4,2,3,9,50,0.8465449782232979,0.7059644256269408,nonlinear,365,100,0.3,0.5936312163672693,97.87707212242313,0.3
P4,2,3,10,51,0.8465449782232979,0.7059644256269408,nonlinear,365,100,0.3,0.6021295609887142,100.70985366290472,0.3
P4,2,3,11,52,0.8465449782232979,0.7059644256269408,nonlinear,365,100,0.3,0.6014442112774967,100.48140375916557,0.3
P4,2,3,12,53,0.8465449782232979,0.7059644256269408,nonlinear,365,100,0.3,0.5996710642618771,99.89035475395904,0.3
P4,2,3,13,54,0.8465449782232979,0.7059644256269408,nonlinear,365,100,0.3,0.598931301799136,99.64376726637867,0.3
P4,2,3,14,55,0.8465449782232979,0.7059644256269408,nonlinear,365,100,0.3,0.5999289312338948,99.97631041129827,0.3
P4,2,3,15,56,0.8465449782232979,0.7059644256269408,nonlinear,365,100,0.3,0.5990763047618362,99.69210158727873,0.3
P4,2,3,16,57,0.8465449782232979,0.7059644256269408,nonlinear,365,100,0.3,0.5956155470435454,98.53851568118179,0.3
P4,2,3,17,58,0.8465449782232979,0.7059644256269408,nonlinear,365,100,0.3,0.5995953186680343,99.86510622267811,0.3
P4,2,3,18,59,0.8465449782232979,0.7059644256269408,nonlinear,365,100,0.3,0.5985002850961506,99.50009503205021,0.3
P4,2,3,19,60,0.8465449782232979,0.7059644256269408,nonlinear,365,100,0.3,0.5962434391887199,98.74781306290664,0.3
P4,2,3,20,61,0.8465449782232979,0.7059644256269408,nonlinear,365,100,0.3,0.5941874106453284,98.06247021510949,0.3
P4,2,3,21,62,0.8465449782232979,0.7059644256269408,nonlinear,365,100,0.3,0.604264294440226,101.42143148007534,0.3
P4,2,3,22,63,0.8465449782232979,0.7059644256269408,nonlinear,365,100,0.3,0.5951240335076621,98.37467783588737,0.3
P4,2,3,23,64,0.8465449782232979,0.7059644256269408,nonlinear,365,100,0.3,0.5932420940434164,97.74736468113882,0.3
P4,2,3,24,65,0.8465449782232979,0.7059644256269408,nonlinear,365,100,0.3,0.6032984629856655,101.0994876618885,0.3
P4,2,3,25,66,0.8465449782232979,0.7059644256269408,nonlinear,365,100,0.3,0.5994976944866511,99.83256482888372,0.3
P4,2,3,26,67,0.8465449782232979,0.7059644256269408,nonlinear,365,100,0.3,0.6014297384284455,100.4765794761485,0.3
P4,2,3,27,68,0.8465449782232979,0.7059644256269408,nonlinear,365,100,0.3,0.6054221180090581,101.80737266968605,0.3
P4,2,3,28,69,0.8465449782232979,0.7059644256269408,nonlinear,365,100,0.3,0.60329106122665,101.09702040888334,0.3
P4,2,3,29,70,0.8465449782232979,0.7059644256269408,nonlinear,365,100,0.3,0.6011116527549397,100.37055091831324,0.3
P4,2,3,30,71,0.8465449782232979,0.7059644256269408,nonlinear,365,100,0.3,0.5947858685259214,98.26195617530715,0.3
P5,1,4,1,42,0.9384166061432972,0.5577708763999663,nonlinear,365,100,0.3,0.5739411045490506,91.31370151635019,0.3
P5,1,4,2,43,0.9384166061432972,0.5577708763999663,nonlinear,365,100,0.3,0.5743164501457199,91.43881671523995,0.3
P5,1,4,3,44,0.9384166061432972,0.5577708763999663,nonlinear,365,100,0.3,0.5747539981718647,91.58466605728823,0.3
P5,1,4,4,45,0.9384166061432972,0.5577708763999663,nonlinear,365,100,0.3,0.5768360154922173,92.27867183073911,0.3
P5,1,4,5,46,0.9384166061432972,0.5577708763999663,nonlinear,365,100,0.3,0.5755376205380819,91.84587351269397,0.3
P5,1,4,6,47,0.9384166061432972,0.5577708763999663,nonlinear,365,100,0.3,0.5781750248713318,92.72500829044394,0.3
P5,1,4,7,48,0.9384166061432972,0.5577708763999663,nonlinear,365,100,0.3,0.57370312284239,91.23437428079667,0.3
P5,1,4,8,49,0.9384166061432972,0.5577708763999663,nonlinear,365,100,0.3,0.5753203013470843,91.77343378236145,0.3
P5,1,4,9,50,0.9384166061432972,0.5577708763999663,nonlinear,365,100,0.3,0.5706137614601549,90.20458715338496,0.3
P5,1,4,10,51,0.9384166061432972,0.5577708763999663,nonlinear,365,100,0.3,0.5791887021926729,93.06290073089099,0.3
P5,1,4,11,52,0.9384166061432972,0.5577708763999663,nonlinear,365,100,0.3,0.5789412491888937,92.9804163962979,0.3
P5,1,4,12,53,0.9384166061432972,0.5577708763999663,nonlinear,365,100,0.3,0.5777312671468451,92.57708904894837,0.3
P5,1,4,13,54,0.9384166061432972,0.5577708763999663,nonlinear,365,100,0.3,0.5766712640418697,92.22375468062326,0.3
P5,1,4,14,55,0.9384166061432972,0.5577708763999663,nonlinear,365,100,0.3,0.5773427354301152,92.44757847670506,0.3
P5,1,4,15,56,0.9384166061432972,0.5577708763999663,nonlinear,365,100,0.3,0.5762325084926753,92.07750283089176,0.3
P5,1,4,16,57,0.9384166061432972,0.5577708763999663,nonlinear,365,100,0.3,0.5738667739517282,91.28892465057609,0.3
P5,1,4,17,58,0.9384166061432972,0.5577708763999663,nonlinear,365,100,0.3,0.5763162414031371,92.1054138010457,0.3
P5,1,4,18,59,0.9384166061432972,0.5577708763999663,nonlinear,365,100,0.3,0.5766312004652875,92.21040015509584,0.3
P5,1,4,19,60,0.9384166061432972,0.5577708763999663,nonlinear,365,100,0.3,0.57381291048016,91.27097016005335,0.3
P5,1,4,20,61,0.9384166061432972,0.5577708763999663,nonlinear,365,100,0.3,0.572307950304701,90.7693167682337,0.3
P5,1,4,21,62,0.9384166061432972,0.5577708763999663,nonlinear,365,100,0.3,0.5833519074360873,94.45063581202912,0.3
P5,1,4,22,63,0.9384166061432972,0.5577708763999663,nonlinear,365,100,0.3,0.5735048135566904,91.16827118556347,0.3
P5,1,4,23,64,0.9384166061432972,0.5577708763999663,nonlinear,365,100,0.3,0.569855355136759,89.95178504558635,0.3
P5,1,4,24,65,0.9384166061432972,0.5577708763999663,nonlinear,365,100,0.3,0.580076922275695,93.35897409189833,0.3
P5,1,4,25,66,0.9384166061432972,0.5577708763999663,nonlinear,365,100,0.3,0.5782082789238404,92.73609297461348,0.3
P5,1,4,26,67,0.9384166061432972,0.5577708763999663,nonlinear,365,100,0.3,0.5793031724074931,93.10105746916436,0.3
P5,1,4,27,68,0.9384166061432972,0.5577708763999663,nonlinear,365,100,0.3,0.5826454739858917,94.21515799529725,0.3
P5,1,4,28,69,0.9384166061432972,0.5577708763999663,nonlinear,365,100,0.3,0.58058690440217,93.52896813405667,0.3
P5,1,4,29,70,0.9384166061432972,0.5577708763999663,nonlinear,365,100,0.3,0.5798934600473326,93.29782001577752,0.3
P5,1,4,30,71,0.9384166061432972,0.5577708763999663,nonlinear,365,100,0.3,0.5716415740765302,90.54719135884339,0.3
P6,0,5,1,42,1.0,0.2,nonlinear,365,100,0.3,0.49642867464346474,65.47622488115492,0.3
P6,0,5,2,43,1.0,0.2,nonlinear,365,100,0.3,0.494143222853688,64.71440761789601,0.3
P6,0,5,3,44,1.0,0.2,nonlinear,365,100,0.3,0.4971185051910378,65.7061683970126,0.3
P6,0,5,4,45,1.0,0.2,nonlinear,365,100,0.3,0.4971448903935476,65.71496346451588,0.3
P6,0,5,5,46,1.0,0.2,nonlinear,365,100,0.3,0.4980194634613452,66.0064878204484,0.3
P6,0,5,6,47,1.0,0.2,nonlinear,365,100,0.3,0.4995614982291393,66.52049940971311,0.3
P6,0,5,7,48,1.0,0.2,nonlinear,365,100,0.3,0.4947769042127245,64.92563473757484,0.3
P6,0,5,8,49,1.0,0.2,nonlinear,365,100,0.3,0.4957608884784892,65.25362949282975,0.3
P6,0,5,9,50,1.0,0.2,nonlinear,365,100,0.3,0.4906465357185648,63.54884523952161,0.3
P6,0,5,10,51,1.0,0.2,nonlinear,365,100,0.3,0.4984589300677758,66.15297668925861,0.3
P6,0,5,11,52,1.0,0.2,nonlinear,365,100,0.3,0.4997157328373701,66.57191094579004,0.3
P6,0,5,12,53,1.0,0.2,nonlinear,365,100,0.3,0.49975361186198297,66.58453728732766,0.3
P6,0,5,13,54,1.0,0.2,nonlinear,365,100,0.3,0.4980692918751531,66.0230972917177,0.3
P6,0,5,14,55,1.0,0.2,nonlinear,365,100,0.3,0.49788583805024367,65.9619460167479,0.3
P6,0,5,15,56,1.0,0.2,nonlinear,365,100,0.3,0.49656352002455356,65.52117334151785,0.3
P6,0,5,16,57,1.0,0.2,nonlinear,365,100,0.3,0.4964343787688933,65.47812625629777,0.3
P6,0,5,17,58,1.0,0.2,nonlinear,365,100,0.3,0.4956835487591292,65.2278495863764,0.3
P6,0,5,18,59,1.0,0.2,nonlinear,365,100,0.3,0.498827019087736,66.27567302924535,0.3
P6,0,5,19,60,1.0,0.2,nonlinear,365,100,0.3,0.4950762099663428,65.02540332211426,0.3
P6,0,5,20,61,1.0,0.2,nonlinear,365,100,0.3,0.4945222359923029,64.84074533076763,0.3
P6,0,5,21,62,1.0,0.2,nonlinear,365,100,0.3,0.5076338209534981,69.21127365116602,0.3
P6,0,5,22,63,1.0,0.2,nonlinear,365,100,0.3,0.49634503041147876,65.44834347049293,0.3
P6,0,5,23,64,1.0,0.2,nonlinear,365,100,0.3,0.4889814215555506,62.993807185183535,0.3
P6,0,5,24,65,1.0,0.2,nonlinear,365,100,0.3,0.49908026665250244,66.3600888841675,0.3
P6,0,5,25,66,1.0,0.2,nonlinear,365,100,0.3,0.5014526814515837,67.15089381719459,0.3
P6,0,5,26,67,1.0,0.2,nonlinear,365,100,0.3,0.5010316849912824,67.0105616637608,0.3
P6,0,5,27,68,1.0,0.2,nonlinear,365,100,0.3,0.502729994206633,67.57666473554434,0.3
P6,0,5,28,69,1.0,0.2,nonlinear,365,100,0.3,0.5011883451603331,67.06278172011103,0.3
P6,0,5,29,70,1.0,0.2,nonlinear,365,100,0.3,0.5034241106476125,67.80803688253751,0.3
P6,0,5,30,71,1.0,0.2,nonlinear,365,100,0.3,0.4913467049383754,63.78223497945847,0.3
P1,5,0,1,42,0.2,1.0,nonlinear,365,100,0.5,0.6889736378220522,37.794727564410444,0.5
P1,5,0,2,43,0.2,1.0,nonlinear,365,100,0.5,0.6918996779964706,38.379935599294114,0.5
P1,5,0,3,44,0.2,1.0,nonlinear,365,100,0.5,0.690888280930465,38.17765618609299,0.5
P1,5,0,4,45,0.2,1.0,nonlinear,365,100,0.5,0.6929665591702927,38.59331183405854,0.5
P1,5,0,5,46,0.2,1.0,nonlinear,365,100,0.5,0.6922323961266099,38.44647922532198,0.5
P1,5,0,6,47,0.2,1.0,nonlinear,365,100,0.5,0.6934548646434143,38.69097292868287,0.5
P1,5,0,7,48,0.2,1.0,nonlinear,365,100,0.5,0.6911629271725501,38.23258543451003,0.5
P1,5,0,8,49,0.2,1.0,nonlinear,365,100,0.5,0.6946972263915329,38.93944527830657,0.5
P1,5,0,9,50,0.2,1.0,nonlinear,365,100,0.5,0.6909463489827055,38.18926979654109,0.5
P1,5,0,10,51,0.2,1.0,nonlinear,365,100,0.5,0.6933530506492804,38.67061012985609,0.5
P1,5,0,11,52,0.2,1.0,nonlinear,365,100,0.5,0.6949488422122617,38.989768442452345,0.5
P1,5,0,12,53,0.2,1.0,nonlinear,365,100,0.5,0.6924405455783834,38.488109115676686,0.5
P1,5,0,13,54,0.2,1.0,nonlinear,365,100,0.5,0.6929623844201651,38.59247688403302,0.5
P1,5,0,14,55,0.2,1.0,nonlinear,365,100,0.5,0.6935448230618201,38.708964612364014,0.5
P1,5,0,15,56,0.2,1.0,nonlinear,365,100,0.5,0.6954939621083184,39.098792421663674,0.5
P1,5,0,16,57,0.2,1.0,nonlinear,365,100,0.5,0.68873847746397,37.747695492793994,0.5
P1,5,0,17,58,0.2,1.0,nonlinear,365,100,0.5,0.6968066914920398,39.36133829840796,0.5
P1,5,0,18,59,0.2,1.0,nonlinear,365,100,0.5,0.6910330418505457,38.20660837010914,0.5
P1,5,0,19,60,0.2,1.0,nonlinear,365,100,0.5,0.6918074701368152,38.361494027363044,0.5
P1,5,0,20,61,0.2,1.0,nonlinear,365,100,0.5,0.6872843475508059,37.456869510161184,0.5
P1,5,0,21,62,0.2,1.0,nonlinear,365,100,0.5,0.6941539121316267,38.83078242632534,0.5
P1,5,0,22,63,0.2,1.0,nonlinear,365,100,0.5,0.6878730583423711,37.57461166847422,0.5
P1,5,0,23,64,0.2,1.0,nonlinear,365,100,0.5,0.6909930052953448,38.19860105906896,0.5
P1,5,0,24,65,0.2,1.0,nonlinear,365,100,0.5,0.6975078016414115,39.501560328282295,0.5
P1,5,0,25,66,0.2,1.0,nonlinear,365,100,0.5,0.6894618657644402,37.89237315288805,0.5
P1,5,0,26,67,0.2,1.0,nonlinear,365,100,0.5,0.6947360282762371,38.94720565524743,0.5
P1,5,0,27,68,0.2,1.0,nonlinear,365,100,0.5,0.6990262022047495,39.80524044094991,0.5
P1,5,0,28,69,0.2,1.0,nonlinear,365,100,0.5,0.6987806855075079,39.75613710150159,0.5
P1,5,0,29,70,0.2,1.0,nonlinear,365,100,0.5,0.6915003835989488,38.300076719789764,0.5
P1,5,0,30,71,0.2,1.0,nonlinear,365,100,0.5,0.692112359702659,38.42247194053181,0.5
P2,4,1,1,42,0.5050245465765446,0.9155417527999328,nonlinear,365,100,0.5,0.7049805295770347,40.99610591540694,0.5
P2,4,1,2,43,0.5050245465765446,0.9155417527999328,nonlinear,365,100,0.5,0.7069458961697446,41.389179233948916,0.5
P2,4,1,3,44,0.5050245465765446,0.9155417527999328,nonlinear,365,100,0.5,0.7065755573282655,41.315111465653096,0.5
P2,4,1,4,45,0.5050245465765446,0.9155417527999328,nonlinear,365,100,0.5,0.7084511430983728,41.69022861967455,0.5
P2,4,1,5,46,0.5050245465765446,0.9155417527999328,nonlinear,365,100,0.5,0.707787945064054,41.557589012810794,0.5
P2,4,1,6,47,0.5050245465765446,0.9155417527999328,nonlinear,365,100,0.5,0.7092457133802209,41.84914267604418,0.5
P2,4,1,7,48,0.5050245465765446,0.9155417527999328,nonlinear,365,100,0.5,0.7064493722126889,41.28987444253778,0.5
P2,4,1,8,49,0.5050245465765446,0.9155417527999328,nonlinear,365,100,0.5,0.7092228193273257,41.84456386546513,0.5
P2,4,1,9,50,0.5050245465765446,0.9155417527999328,nonlinear,365,100,0.5,0.7052883490707976,41.057669814159524,0.5
P2,4,1,10,51,0.5050245465765446,0.9155417527999328,nonlinear,365,100,0.5,0.7093143855607151,41.862877112143025,0.5
P2,4,1,11,52,0.5050245465765446,0.9155417527999328,nonlinear,365,100,0.5,0.7104391595644682,42.08783191289365,0.5
P2,4,1,12,53,0.5050245465765446,0.9155417527999328,nonlinear,365,100,0.5,0.7084882530874183,41.69765061748365,0.5
P2,4,1,13,54,0.5050245465765446,0.9155417527999328,nonlinear,365,100,0.5,0.7085951244936579,41.71902489873158,0.5
P2,4,1,14,55,0.5050245465765446,0.9155417527999328,nonlinear,365,100,0.5,0.708981120156769,41.79622403135379,0.5
P2,4,1,15,56,0.5050245465765446,0.9155417527999328,nonlinear,365,100,0.5,0.7101805746136313,42.036114922726256,0.5
P2,4,1,16,57,0.5050245465765446,0.9155417527999328,nonlinear,365,100,0.5,0.7048615840193893,40.97231680387785,0.5
P2,4,1,17,58,0.5050245465765446,0.9155417527999328,nonlinear,365,100,0.5,0.7109851169240824,42.197023384816475,0.5
P2,4,1,18,59,0.5050245465765446,0.9155417527999328,nonlinear,365,100,0.5,0.7071901945848665,41.438038916973305,0.5
P2,4,1,19,60,0.5050245465765446,0.9155417527999328,nonlinear,365,100,0.5,0.7069051038496288,41.381020769925755,0.5
P2,4,1,20,61,0.5050245465765446,0.9155417527999328,nonlinear,365,100,0.5,0.7033070558635452,40.66141117270905,0.5
P2,4,1,21,62,0.5050245465765446,0.9155417527999328,nonlinear,365,100,0.5,0.7113263288735142,42.26526577470284,0.5
P2,4,1,22,63,0.5050245465765446,0.9155417527999328,nonlinear,365,100,0.5,0.7041467402993481,40.829348059869616,0.5
P2,4,1,23,64,0.5050245465765446,0.9155417527999328,nonlinear,365,100,0.5,0.7050926110722731,41.01852221445461,0.5
P2,4,1,24,65,0.5050245465765446,0.9155417527999328,nonlinear,365,100,0.5,0.7125069808003879,42.501396160077576,0.5
P2,4,1,25,66,0.5050245465765446,0.9155417527999328,nonlinear,365,100,0.5,0.7066136105467523,41.322722109350465,0.5
P2,4,1,26,67,0.5050245465765446,0.9155417527999328,nonlinear,365,100,0.5,0.7103971413168032,42.07942826336064,0.5
P2,4,1,27,68,0.5050245465765446,0.9155417527999328,nonlinear,365,100,0.5,0.7143414185314979,42.86828370629958,0.5
P2,4,1,28,69,0.5050245465765446,0.9155417527999328,nonlinear,365,100,0.5,0.7135814798488888,42.716295969777754,0.5
P2,4,1,29,70,0.5050245465765446,0.9155417527999328,nonlinear,365,100,0.5,0.7085042975608579,41.700859512171576,0.5
P2,4,1,30,71,0.5050245465765446,0.9155417527999328,nonlinear,365,100,0.5,0.706407903105706,41.2815806211412,0.5
P3,3,2,1,42,0.7094886146797341,0.8196773353931868,nonlinear,365,100,0.5,0.7055053149127263,41.10106298254526,0.5
P3,3,2,2,43,0.7094886146797341,0.8196773353931868,nonlinear,365,100,0.5,0.7066422362568074,41.32844725136149,0.5
P3,3,2,3,44,0.7094886146797341,0.8196773353931868,nonlinear,365,100,0.5,0.7069342412611727,41.38684825223453,0.5
P3,3,2,4,45,0.7094886146797341,0.8196773353931868,nonlinear,365,100,0.5,0.7084329584644471,41.68659169288942,0.5
P3,3,2,5,46,0.7094886146797341,0.8196773353931868,nonlinear,365,100,0.5,0.7080908813505428,41.618176270108556,0.5
P3,3,2,6,47,0.7094886146797341,0.8196773353931868,nonlinear,365,100,0.5,0.7095215535018681,41.904310700373614,0.5
P3,3,2,7,48,0.7094886146797341,0.8196773353931868,nonlinear,365,100,0.5,0.7064271130310505,41.28542260621011,0.5
P3,3,2,8,49,0.7094886146797341,0.8196773353931868,nonlinear,365,100,0.5,0.7087110750628195,41.742215012563896,0.5
P3,3,2,9,50,0.7094886146797341,0.8196773353931868,nonlinear,365,100,0.5,0.7046409201447364,40.92818402894729,0.5
P3,3,2,10,51,0.7094886146797341,0.8196773353931868,nonlinear,365,100,0.5,0.709403122245313,41.880624449062594,0.5
P3,3,2,11,52,0.7094886146797341,0.8196773353931868,nonlinear,365,100,0.5,0.710466366216015,42.093273243203,0.5
P3,3,2,12,53,0.7094886146797341,0.8196773353931868,nonlinear,365,100,0.5,0.7089983633065403,41.799672661308065,0.5
P3,3,2,13,54,0.7094886146797341,0.8196773353931868,nonlinear,365,100,0.5,0.708806399972096,41.76127999441921,0.5
P3,3,2,14,55,0.7094886146797341,0.8196773353931868,nonlinear,365,100,0.5,0.7089641676705914,41.79283353411829,0.5
P3,3,2,15,56,0.7094886146797341,0.8196773353931868,nonlinear,365,100,0.5,0.7097407580804833,41.948151616096666,0.5
P3,3,2,16,57,0.7094886146797341,0.8196773353931868,nonlinear,365,100,0.5,0.7054815250914586,41.096305018291716,0.5
P3,3,2,17,58,0.7094886146797341,0.8196773353931868,nonlinear,365,100,0.5,0.7101518166584665,42.0303633316933,0.5
P3,3,2,18,59,0.7094886146797341,0.8196773353931868,nonlinear,365,100,0.5,0.7077596318535587,41.55192637071175,0.5
P3,3,2,19,60,0.7094886146797341,0.8196773353931868,nonlinear,365,100,0.5,0.7068015091306298,41.360301826125955,0.5
P3,3,2,20,61,0.7094886146797341,0.8196773353931868,nonlinear,365,100,0.5,0.7038344538214931,40.76689076429862,0.5
P3,3,2,21,62,0.7094886146797341,0.8196773353931868,nonlinear,365,100,0.5,0.7126770613261248,42.53541226522497,0.5
P3,3,2,22,63,0.7094886146797341,0.8196773353931868,nonlinear,365,100,0.5,0.7048767746413169,40.975354928263386,0.5
P3,3,2,23,64,0.7094886146797341,0.8196773353931868,nonlinear,365,100,0.5,0.7042095062638929,40.84190125277858,0.5
P3,3,2,24,65,0.7094886146797341,0.8196773353931868,nonlinear,365,100,0.5,0.7120702331788409,42.41404663576817,0.5
P3,3,2,25,66,0.7094886146797341,0.8196773353931868,nonlinear,365,100,0.5,0.7078504866711975,41.570097334239506,0.5
P3,3,2,26,67,0.7094886146797341,0.8196773353931868,nonlinear,365,100,0.5,0.7106321442370811,42.12642884741622,0.5
P3,3,2,27,68,0.7094886146797341,0.8196773353931868,nonlinear,365,100,0.5,0.7141898636355418,42.837972727108365,0.5
P3,3,2,28,69,0.7094886146797341,0.8196773353931868,nonlinear,365,100,0.5,0.7132199721910315,42.6439944382063,0.5
P3,3,2,29,70,0.7094886146797341,0.8196773353931868,nonlinear,365,100,0.5,0.7096820909844774,41.93641819689549,0.5
P3,3,2,30,71,0.7094886146797341,0.8196773353931868,nonlinear,365,100,0.5,0.7056973470158825,41.1394694031765,0.5
P4,2,3,1,42,0.8465449782232979,0.7059644256269408,nonlinear,365,100,0.5,0.694496233616996,38.899246723399195,0.5
P4,2,3,2,43,0.8465449782232979,0.7059644256269408,nonlinear,365,100,0.5,0.6947867669817748,38.957353396354954,0.5
P4,2,3,3,44,0.8465449782232979,0.7059644256269408,nonlinear,365,100,0.5,0.6958240987269353,39.16481974538706,0.5
P4,2,3,4,45,0.8465449782232979,0.7059644256269408,nonlinear,365,100,0.5,0.696802685251215,39.360537050243,0.5
P4,2,3,5,46,0.8465449782232979,0.7059644256269408,nonlinear,365,100,0.5,0.6969684813363778,39.39369626727556,0.5
P4,2,3,6,47,0.8465449782232979,0.7059644256269408,nonlinear,365,100,0.5,0.6982131377902833,39.64262755805665,0.5
P4,2,3,7,48,0.8465449782232979,0.7059644256269408,nonlinear,365,100,0.5,0.6949116134520845,38.98232269041691,0.5
P4,2,3,8,49,0.8465449782232979,0.7059644256269408,nonlinear,365,100,0.5,0.6968311879208197,39.36623758416393,0.5
P4,2,3,9,50,0.8465449782232979,0.7059644256269408,nonlinear,365,100,0.5,0.6926310420237266,38.52620840474532,0.5
P4,2,3,10,51,0.8465449782232979,0.7059644256269408,nonlinear,365,100,0.5,0.6976684102859748,39.533682057194966,0.5
P4,2,3,11,52,0.8465449782232979,0.7059644256269408,nonlinear,365,100,0.5,0.6989241298291663,39.78482596583326,0.5
P4,2,3,12,53,0.8465449782232979,0.7059644256269408,nonlinear,365,100,0.5,0.6979191452894827,39.583829057896544,0.5
P4,2,3,13,54,0.8465449782232979,0.7059644256269408,nonlinear,365,100,0.5,0.6974704804331417,39.494096086628346,0.5
P4,2,3,14,55,0.8465449782232979,0.7059644256269408,nonlinear,365,100,0.5,0.6973674977104237,39.473499542084745,0.5
P4,2,3,15,56,0.8465449782232979,0.7059644256269408,nonlinear,365,100,0.5,0.6978823325267893,39.576466505357864,0.5
P4,2,3,16,57,0.8465449782232979,0.7059644256269408,nonlinear,365,100,0.5,0.694546096844065,38.909219368813,0.5
P4,2,3,17,58,0.8465449782232979,0.7059644256269408,nonlinear,365,100,0.5,0.6979330434628438,39.58660869256876,0.5
P4,2,3,18,59,0.8465449782232979,0.7059644256269408,nonlinear,365,100,0.5,0.6967311119444719,39.34622238889438,0.5
P4,2,3,19,60,0.8465449782232979,0.7059644256269408,nonlinear,365,100,0.5,0.6952671344701055,39.053426894021094,0.5
P4,2,3,20,61,0.8465449782232979,0.7059644256269408,nonlinear,365,100,0.5,0.6927967859906508,38.55935719813015,0.5
P4,2,3,21,62,0.8465449782232979,0.7059644256269408,nonlinear,365,100,0.5,0.702381583943272,40.4763167886544,0.5
P4,2,3,22,63,0.8465449782232979,0.7059644256269408,nonlinear,365,100,0.5,0.6940398268037128,38.80796536074256,0.5
P4,2,3,23,64,0.8465449782232979,0.7059644256269408,nonlinear,365,100,0.5,0.6919371122138599,38.38742244277198,0.5
P4,2,3,24,65,0.8465449782232979,0.7059644256269408,nonlinear,365,100,0.5,0.700016232454746,40.003246490949195,0.5
P4,2,3,25,66,0.8465449782232979,0.7059644256269408,nonlinear,365,100,0.5,0.6973479846538038,39.46959693076075,0.5
P4,2,3,26,67,0.8465449782232979,0.7059644256269408,nonlinear,365,100,0.5,0.6993461895559151,39.86923791118302,0.5
P4,2,3,27,68,0.8465449782232979,0.7059644256269408,nonlinear,365,100,0.5,0.7024458476888467,40.48916953776933,0.5
P4,2,3,28,69,0.8465449782232979,0.7059644256269408,nonlinear,365,100,0.5,0.7014396046689233,40.28792093378466,0.5
P4,2,3,29,70,0.8465449782232979,0.7059644256269408,nonlinear,365,100,0.5,0.6991829363197496,39.836587263949916,0.5
P4,2,3,30,71,0.8465449782232979,0.7059644256269408,nonlinear,365,100,0.5,0.6936035970393203,38.72071940786406,0.5
P5,1,4,1,42,0.9384166061432972,0.5577708763999663,nonlinear,365,100,0.5,0.6709843392549949,34.19686785099898,0.5
P5,1,4,2,43,0.9384166061432972,0.5577708763999663,nonlinear,365,100,0.5,0.6702402597918447,34.04805195836893,0.5
P5,1,4,3,44,0.9384166061432972,0.5577708763999663,nonlinear,365,100,0.5,0.6722368579474475,34.44737158948949,0.5
P5,1,4,4,45,0.9384166061432972,0.5577708763999663,nonlinear,365,100,0.5,0.6724786125520361,34.49572251040722,0.5
P5,1,4,5,46,0.9384166061432972,0.5577708763999663,nonlinear,365,100,0.5,0.6734035550770767,34.68071101541534,0.5
P5,1,4,6,47,0.9384166061432972,0.5577708763999663,nonlinear,365,100,0.5,0.6742980750186071,34.85961500372141,0.5
P5,1,4,7,48,0.9384166061432972,0.5577708763999663,nonlinear,365,100,0.5,0.6708235647022468,34.16471294044936,0.5
P5,1,4,8,49,0.9384166061432972,0.5577708763999663,nonlinear,365,100,0.5,0.6724131459764323,34.482629195286464,0.5
P5,1,4,9,50,0.9384166061432972,0.5577708763999663,nonlinear,365,100,0.5,0.6680578534496432,33.61157068992864,0.5
P5,1,4,10,51,0.9384166061432972,0.5577708763999663,nonlinear,365,100,0.5,0.673048861190623,34.609772238124606,0.5
P5,1,4,11,52,0.9384166061432972,0.5577708763999663,nonlinear,365,100,0.5,0.6747474138663004,34.94948277326009,0.5
P5,1,4,12,53,0.9384166061432972,0.5577708763999663,nonlinear,365,100,0.5,0.6742670441297972,34.85340882595944,0.5
P5,1,4,13,54,0.9384166061432972,0.5577708763999663,nonlinear,365,100,0.5,0.6735474579560061,34.70949159120123,0.5
P5,1,4,14,55,0.9384166061432972,0.5577708763999663,nonlinear,365,100,0.5,0.6731120320567874,34.622406411357474,0.5
P5,1,4,15,56,0.9384166061432972,0.5577708763999663,nonlinear,365,100,0.5,0.6734498938211748,34.689978764234965,0.5
P5,1,4,16,57,0.9384166061432972,0.5577708763999663,nonlinear,365,100,0.5,0.671094189048232,34.21883780964641,0.5
P5,1,4,17,58,0.9384166061432972,0.5577708763999663,nonlinear,365,100,0.5,0.6730977821160201,34.619556423204024,0.5
P5,1,4,18,59,0.9384166061432972,0.5577708763999663,nonlinear,365,100,0.5,0.6731415165771889,34.62830331543778,0.5
P5,1,4,19,60,0.9384166061432972,0.5577708763999663,nonlinear,365,100,0.5,0.6712113163700559,34.24226327401119,0.5
P5,1,4,20,61,0.9384166061432972,0.5577708763999663,nonlinear,365,100,0.5,0.669211727079333,33.84234541586659,0.5
P5,1,4,21,62,0.9384166061432972,0.5577708763999663,nonlinear,365,100,0.5,0.6796346311357452,35.92692622714904,0.5
P5,1,4,22,63,0.9384166061432972,0.5577708763999663,nonlinear,365,100,0.5,0.6706981726016205,34.139634520324094,0.5
P5,1,4,23,64,0.9384166061432972,0.5577708763999663,nonlinear,365,100,0.5,0.6670250045272048,33.405000905440964,0.5
P5,1,4,24,65,0.9384166061432972,0.5577708763999663,nonlinear,365,100,0.5,0.6751793463691039,35.035869273820786,0.5
P5,1,4,25,66,0.9384166061432972,0.5577708763999663,nonlinear,365,100,0.5,0.6742644354820653,34.852887096413056,0.5
P5,1,4,26,67,0.9384166061432972,0.5577708763999663,nonlinear,365,100,0.5,0.675516765751238,35.1033531502476,0.5
P5,1,4,27,68,0.9384166061432972,0.5577708763999663,nonlinear,365,100,0.5,0.6780088262033912,35.60176524067824,0.5
P5,1,4,28,69,0.9384166061432972,0.5577708763999663,nonlinear,365,100,0.5,0.6771049945388721,35.42099890777442,0.5
P5,1,4,29,70,0.9384166061432972,0.5577708763999663,nonlinear,365,100,0.5,0.6761632259091117,35.23264518182234,0.5
P5,1,4,30,71,0.9384166061432972,0.5577708763999663,nonlinear,365,100,0.5,0.6689126383127281,33.78252766254561,0.5
P6,0,5,1,42,1.0,0.2,nonlinear,365,100,0.5,0.5957045212929356,19.14090425858712,0.5
P6,0,5,2,43,1.0,0.2,nonlinear,365,100,0.5,0.5924308138221568,18.486162764431356,0.5
P6,0,5,3,44,1.0,0.2,nonlinear,365,100,0.5,0.5968537374156803,19.370747483136054,0.5
P6,0,5,4,45,1.0,0.2,nonlinear,365,100,0.5,0.5951141298285436,19.022825965708723,0.5
P6,0,5,5,46,1.0,0.2,nonlinear,365,100,0.5,0.5981457970907732,19.62915941815464,0.5
P6,0,5,6,47,1.0,0.2,nonlinear,365,100,0.5,0.5979499396386273,19.58998792772546,0.5
P6,0,5,7,48,1.0,0.2,nonlinear,365,100,0.5,0.5942296090252669,18.84592180505338,0.5
P6,0,5,8,49,1.0,0.2,nonlinear,365,100,0.5,0.5952260932654375,19.045218653087503,0.5
P6,0,5,9,50,1.0,0.2,nonlinear,365,100,0.5,0.5905075235331467,18.101504706629346,0.5
P6,0,5,10,51,1.0,0.2,nonlinear,365,100,0.5,0.5946437702764664,18.928754055293282,0.5
P6,0,5,11,52,1.0,0.2,nonlinear,365,100,0.5,0.5978192883420581,19.56385766841162,0.5
P6,0,5,12,53,1.0,0.2,nonlinear,365,100,0.5,0.598530880564615,19.706176112923004,0.5
P6,0,5,13,54,1.0,0.2,nonlinear,365,100,0.5,0.5972414749159376,19.44829498318752,0.5
P6,0,5,14,55,1.0,0.2,nonlinear,365,100,0.5,0.5959716665758584,19.194333315171686,0.5
P6,0,5,15,56,1.0,0.2,nonlinear,365,100,0.5,0.5961706526001519,19.23413052003038,0.5
P6,0,5,16,57,1.0,0.2,nonlinear,365,100,0.5,0.5958937993253143,19.178759865062855,0.5
P6,0,5,17,58,1.0,0.2,nonlinear,365,100,0.5,0.5949037444349365,18.980748886987307,0.5
P6,0,5,18,59,1.0,0.2,nonlinear,365,100,0.5,0.5975658266133947,19.51316532267895,0.5
P6,0,5,19,60,1.0,0.2,nonlinear,365,100,0.5,0.5948107950445887,18.962159008917734,0.5
P6,0,5,20,61,1.0,0.2,nonlinear,365,100,0.5,0.5936661588094244,18.733231761884884,0.5
P6,0,5,21,62,1.0,0.2,nonlinear,365,100,0.5,0.6059921686920655,21.1984337384131,0.5
P6,0,5,22,63,1.0,0.2,nonlinear,365,100,0.5,0.595752861778804,19.150572355760808,0.5
P6,0,5,23,64,1.0,0.2,nonlinear,365,100,0.5,0.5886165189018957,17.72330378037914,0.5
P6,0,5,24,65,1.0,0.2,nonlinear,365,100,0.5,0.5965704209800831,19.314084196016612,0.5
P6,0,5,25,66,1.0,0.2,nonlinear,365,100,0.5,0.5996425936736045,19.928518734720903,0.5
P6,0,5,26,67,1.0,0.2,nonlinear,365,100,0.5,0.5994922338239032,19.89844676478063,0.5
P6,0,5,27,68,1.0,0.2,nonlinear,365,100,0.5,0.6004239148496318,20.08478296992635,0.5
P6,0,5,28,69,1.0,0.2,nonlinear,365,100,0.5,0.6000482412452885,20.00964824905771,0.5
P6,0,5,29,70,1.0,0.2,nonlinear,365,100,0.5,0.6018213304389458,20.36426608778916,0.5
P6,0,5,30,71,1.0,0.2,nonlinear,365,100,0.5,0.5910560001869407,18.211200037388142,0.5
P1,5,0,1,42,0.2,1.0,nonlinear,365,100,0.7,0.8124561074893074,16.06515821275821,0.7
P1,5,0,2,43,0.2,1.0,nonlinear,365,100,0.7,0.8137378207408636,16.248260105837673,0.7
P1,5,0,3,44,0.2,1.0,nonlinear,365,100,0.7,0.8145848806179706,16.369268659710098,0.7
P1,5,0,4,45,0.2,1.0,nonlinear,365,100,0.7,0.8147719085879336,16.395986941133376,0.7
P1,5,0,5,46,0.2,1.0,nonlinear,365,100,0.7,0.8161701973731765,16.59574248188237,0.7
P1,5,0,6,47,0.2,1.0,nonlinear,365,100,0.7,0.8159668248054862,16.56668925792661,0.7
P1,5,0,7,48,0.2,1.0,nonlinear,365,100,0.7,0.814155483385503,16.307926197929014,0.7
P1,5,0,8,49,0.2,1.0,nonlinear,365,100,0.7,0.8173372572932895,16.762465327612798,0.7
P1,5,0,9,50,0.2,1.0,nonlinear,365,100,0.7,0.813617847084584,16.23112101208343,0.7
P1,5,0,10,51,0.2,1.0,nonlinear,365,100,0.7,0.8137959353895254,16.25656219850364,0.7
P1,5,0,11,52,0.2,1.0,nonlinear,365,100,0.7,0.8170862761531907,16.726610879027255,0.7
P1,5,0,12,53,0.2,1.0,nonlinear,365,100,0.7,0.8155168679972185,16.50240971388836,0.7
P1,5,0,13,54,0.2,1.0,nonlinear,365,100,0.7,0.8159804168524978,16.56863097892826,0.7
P1,5,0,14,55,0.2,1.0,nonlinear,365,100,0.7,0.8156290350091273,16.51843357273248,0.7
P1,5,0,15,56,0.2,1.0,nonlinear,365,100,0.7,0.8182628812761518,16.894697325164547,0.7
P1,5,0,16,57,0.2,1.0,nonlinear,365,100,0.7,0.81236777297638,16.052538996625717,0.7
P1,5,0,17,58,0.2,1.0,nonlinear,365,100,0.7,0.8189126516741639,16.987521667737713,0.7
P1,5,0,18,59,0.2,1.0,nonlinear,365,100,0.7,0.8141836746054615,16.311953515065934,0.7
P1,5,0,19,60,0.2,1.0,nonlinear,365,100,0.7,0.8150194273898889,16.43134676998413,0.7
P1,5,0,20,61,0.2,1.0,nonlinear,365,100,0.7,0.8106336348981282,15.804804985446896,0.7
P1,5,0,21,62,0.2,1.0,nonlinear,365,100,0.7,0.8179521240906473,16.850303441521053,0.7
P1,5,0,22,63,0.2,1.0,nonlinear,365,100,0.7,0.8116327368122166,15.947533830316662,0.7
P1,5,0,23,64,0.2,1.0,nonlinear,365,100,0.7,0.8131926259464624,16.170375135208914,0.7
P1,5,0,24,65,0.2,1.0,nonlinear,365,100,0.7,0.8185355397773764,16.933648539625203,0.7
P1,5,0,25,66,0.2,1.0,nonlinear,365,100,0.7,0.8127565212784342,16.108074468347755,0.7
P1,5,0,26,67,0.2,1.0,nonlinear,365,100,0.7,0.8174489220566203,16.778417436660057,0.7
P1,5,0,27,68,0.2,1.0,nonlinear,365,100,0.7,0.8206636799003143,17.237668557187767,0.7
P1,5,0,28,69,0.2,1.0,nonlinear,365,100,0.7,0.8211950976762351,17.313585382319307,0.7
P1,5,0,29,70,0.2,1.0,nonlinear,365,100,0.7,0.8150714247383847,16.43877496262639,0.7
P1,5,0,30,71,0.2,1.0,nonlinear,365,100,0.7,0.8145729953993879,16.367570771341132,0.7
P2,4,1,1,42,0.5050245465765446,0.9155417527999328,nonlinear,365,100,0.7,0.8152677312656709,16.466818752238705,0.7
P2,4,1,2,43,0.5050245465765446,0.9155417527999328,nonlinear,365,100,0.7,0.8158052195727288,16.543602796104118,0.7
P2,4,1,3,44,0.5050245465765446,0.9155417527999328,nonlinear,365,100,0.7,0.8171931215943022,16.741874513471757,0.7
P2,4,1,4,45,0.5050245465765446,0.9155417527999328,nonlinear,365,100,0.7,0.8171580763911925,16.736868055884653,0.7
P2,4,1,5,46,0.5050245465765446,0.9155417527999328,nonlinear,365,100,0.7,0.8187178388918299,16.959691270261423,0.7
P2,4,1,6,47,0.5050245465765446,0.9155417527999328,nonlinear,365,100,0.7,0.8185724290522467,16.938918436035248,0.7
P2,4,1,7,48,0.5050245465765446,0.9155417527999328,nonlinear,365,100,0.7,0.8164980371147508,16.64257673067869,0.7
P2,4,1,8,49,0.5050245465765446,0.9155417527999328,nonlinear,365,100,0.7,0.819072308000961,17.010329714423005,0.7
P2,4,1,9,50,0.5050245465765446,0.9155417527999328,nonlinear,365,100,0.7,0.8153135328186898,16.473361831241405,0.7
P2,4,1,10,51,0.5050245465765446,0.9155417527999328,nonlinear,365,100,0.7,0.8164287934442613,16.632684777751628,0.7
P2,4,1,11,52,0.5050245465765446,0.9155417527999328,nonlinear,365,100,0.7,0.8194054458611615,17.05792083730879,0.7
P2,4,1,12,53,0.5050245465765446,0.9155417527999328,nonlinear,365,100,0.7,0.8183255079564646,16.90364399378067,0.7
P2,4,1,13,54,0.5050245465765446,0.9155417527999328,nonlinear,365,100,0.7,0.8185496283472968,16.93566119247098,0.7
P2,4,1,14,55,0.5050245465765446,0.9155417527999328,nonlinear,365,100,0.7,0.8179033463469026,16.84333519241467,0.7
P2,4,1,15,56,0.5050245465765446,0.9155417527999328,nonlinear,365,100,0.7,0.8201489367240699,17.164133817724274,0.7
P2,4,1,16,57,0.5050245465765446,0.9155417527999328,nonlinear,365,100,0.7,0.8153219407083614,16.474562958337348,0.7
P2,4,1,17,58,0.5050245465765446,0.9155417527999328,nonlinear,365,100,0.7,0.8203860498354366,17.198007119348098,0.7
P2,4,1,18,59,0.5050245465765446,0.9155417527999328,nonlinear,365,100,0.7,0.8170460659336761,16.72086656195374,0.7
P2,4,1,19,60,0.5050245465765446,0.9155417527999328,nonlinear,365,100,0.7,0.8172048095012704,16.743544214467207,0.7
P2,4,1,20,61,0.5050245465765446,0.9155417527999328,nonlinear,365,100,0.7,0.8134666924665819,16.209527495225988,0.7
P2,4,1,21,62,0.5050245465765446,0.9155417527999328,nonlinear,365,100,0.7,0.8214443183189599,17.349188331279997,0.7
P2,4,1,22,63,0.5050245465765446,0.9155417527999328,nonlinear,365,100,0.7,0.8146649772910043,16.38071104157205,0.7
P2,4,1,23,64,0.5050245465765446,0.9155417527999328,nonlinear,365,100,0.7,0.8147262272240516,16.389461032007386,0.7
P2,4,1,24,65,0.5050245465765446,0.9155417527999328,nonlinear,365,100,0.7,0.8205351203777345,17.21930291110493,0.7
P2,4,1,25,66,0.5050245465765446,0.9155417527999328,nonlinear,365,100,0.7,0.8163420079913032,16.620286855900464,0.7
P2,4,1,26,67,0.5050245465765446,0.9155417527999328,nonlinear,365,100,0.7,0.819875469652475,17.125067093210728,0.7
P2,4,1,27,68,0.5050245465765446,0.9155417527999328,nonlinear,365,100,0.7,0.8228273208537061,17.546760121958027,0.7
P2,4,1,28,69,0.5050245465765446,0.9155417527999328,nonlinear,365,100,0.7,0.8230395264891212,17.577075212731604,0.7
P2,4,1,29,70,0.5050245465765446,0.9155417527999328,nonlinear,365,100,0.7,0.8184821081749392,16.926015453562744,0.7
P2,4,1,30,71,0.5050245465765446,0.9155417527999328,nonlinear,365,100,0.7,0.8162346694963727,16.604952785196105,0.7
P3,3,2,1,42,0.7094886146797341,0.8196773353931868,nonlinear,365,100,0.7,0.808316035019298,15.473719288471157,0.7
P3,3,2,2,43,0.7094886146797341,0.8196773353931868,nonlinear,365,100,0.7,0.808159150546383,15.451307220911861,0.7
P3,3,2,3,44,0.7094886146797341,0.8196773353931868,nonlinear,365,100,0.7,0.8101326736849469,15.733239097849566,0.7
P3,3,2,4,45,0.7094886146797341,0.8196773353931868,nonlinear,365,100,0.7,0.809734571730372,15.67636739005315,0.7
P3,3,2,5,46,0.7094886146797341,0.8196773353931868,nonlinear,365,100,0.7,0.8116387663451972,15.94839519217103,0.7
P3,3,2,6,47,0.7094886146797341,0.8196773353931868,nonlinear,365,100,0.7,0.8113845412182594,15.91207731689421,0.7
P3,3,2,7,48,0.7094886146797341,0.8196773353931868,nonlinear,365,100,0.7,0.8091457070356918,15.59224386224169,0.7
P3,3,2,8,49,0.7094886146797341,0.8196773353931868,nonlinear,365,100,0.7,0.811314930093795,15.902132870542147,0.7
P3,3,2,9,50,0.7094886146797341,0.8196773353931868,nonlinear,365,100,0.7,0.8075040477270232,15.357721103860467,0.7
P3,3,2,10,51,0.7094886146797341,0.8196773353931868,nonlinear,365,100,0.7,0.8090039491158513,15.571992730835904,0.7
P3,3,2,11,52,0.7094886146797341,0.8196773353931868,nonlinear,365,100,0.7,0.8119832810286716,15.997611575524518,0.7
P3,3,2,12,53,0.7094886146797341,0.8196773353931868,nonlinear,365,100,0.7,0.8113289610121611,15.904137287451597,0.7
P3,3,2,13,54,0.7094886146797341,0.8196773353931868,nonlinear,365,100,0.7,0.811359663558312,15.908523365473155,0.7
P3,3,2,14,55,0.7094886146797341,0.8196773353931868,nonlinear,365,100,0.7,0.8104383186748318,15.776902667833129,0.7
P3,3,2,15,56,0.7094886146797341,0.8196773353931868,nonlinear,365,100,0.7,0.8124612982227621,16.065899746108887,0.7
P3,3,2,16,57,0.7094886146797341,0.8196773353931868,nonlinear,365,100,0.7,0.8084738045522618,15.496257793180265,0.7
P3,3,2,17,58,0.7094886146797341,0.8196773353931868,nonlinear,365,100,0.7,0.812363704812506,16.051957830358006,0.7
P3,3,2,18,59,0.7094886146797341,0.8196773353931868,nonlinear,365,100,0.7,0.8100850436291672,15.726434804166752,0.7
P3,3,2,19,60,0.7094886146797341,0.8196773353931868,nonlinear,365,100,0.7,0.8097857113853028,15.683673055043258,0.7
P3,3,2,20,61,0.7094886146797341,0.8196773353931868,nonlinear,365,100,0.7,0.8065128425891762,15.216120369882324,0.7
P3,3,2,21,62,0.7094886146797341,0.8196773353931868,nonlinear,365,100,0.7,0.8150380152617639,16.43400218025199,0.7
P3,3,2,22,63,0.7094886146797341,0.8196773353931868,nonlinear,365,100,0.7,0.8078826489009447,15.411806985849255,0.7
P3,3,2,23,64,0.7094886146797341,0.8196773353931868,nonlinear,365,100,0.7,0.8067317669783476,15.24739528262109,0.7
P3,3,2,24,65,0.7094886146797341,0.8196773353931868,nonlinear,365,100,0.7,0.812753312704988,16.107616100712573,0.7
P3,3,2,25,66,0.7094886146797341,0.8196773353931868,nonlinear,365,100,0.7,0.8098941005056867,15.699157215098102,0.7
P3,3,2,26,67,0.7094886146797341,0.8196773353931868,nonlinear,365,100,0.7,0.8126181078491733,16.088301121310483,0.7
P3,3,2,27,68,0.7094886146797341,0.8196773353931868,nonlinear,365,100,0.7,0.8152391736280054,16.462739089715058,0.7
P3,3,2,28,69,0.7094886146797341,0.8196773353931868,nonlinear,365,100,0.7,0.8153404318137852,16.47720454482647,0.7
P3,3,2,29,70,0.7094886146797341,0.8196773353931868,nonlinear,365,100,0.7,0.8119578444788293,15.993977782689914,0.7
P3,3,2,30,71,0.7094886146797341,0.8196773353931868,nonlinear,365,100,0.7,0.8083705804383666,15.48151149119524,0.7
P4,2,3,1,42,0.8465449782232979,0.7059644256269408,nonlinear,365,100,0.7,0.7932428917052643,13.320413100752049,0.7
P4,2,3,2,43,0.8465449782232979,0.7059644256269408,nonlinear,365,100,0.7,0.7923341714527034,13.19059592181477,0.7
P4,2,3,3,44,0.8465449782232979,0.7059644256269408,nonlinear,365,100,0.7,0.7949902121231717,13.570030303310245,0.7
P4,2,3,4,45,0.8465449782232979,0.7059644256269408,nonlinear,365,100,0.7,0.794096674380447,13.442382054349572,0.7
P4,2,3,5,46,0.8465449782232979,0.7059644256269408,nonlinear,365,100,0.7,0.7965050199446686,13.78643142066695,0.7
P4,2,3,6,47,0.8465449782232979,0.7059644256269408,nonlinear,365,100,0.7,0.7960251480885346,13.717878298362098,0.7
P4,2,3,7,48,0.8465449782232979,0.7059644256269408,nonlinear,365,100,0.7,0.7936620534569361,13.380293350990877,0.7
P4,2,3,8,49,0.8465449782232979,0.7059644256269408,nonlinear,365,100,0.7,0.7955183762701685,13.645482324309796,0.7
P4,2,3,9,50,0.8465449782232979,0.7059644256269408,nonlinear,365,100,0.7,0.791630867680184,13.090123954312006,0.7
P4,2,3,10,51,0.8465449782232979,0.7059644256269408,nonlinear,365,100,0.7,0.7932072595832353,13.315322797605056,0.7
P4,2,3,11,52,0.8465449782232979,0.7059644256269408,nonlinear,365,100,0.7,0.7964040483808361,13.772006911548024,0.7
P4,2,3,12,53,0.8465449782232979,0.7059644256269408,nonlinear,365,100,0.7,0.7961672263170885,13.738175188155502,0.7
P4,2,3,13,54,0.8465449782232979,0.7059644256269408,nonlinear,365,100,0.7,0.7960096590671473,13.715665581021044,0.7
P4,2,3,14,55,0.8465449782232979,0.7059644256269408,nonlinear,365,100,0.7,0.7948060641869529,13.54372345527899,0.7
P4,2,3,15,56,0.8465449782232979,0.7059644256269408,nonlinear,365,100,0.7,0.7966883602917425,13.812622898820365,0.7
P4,2,3,16,57,0.8465449782232979,0.7059644256269408,nonlinear,365,100,0.7,0.7934766466445844,13.353806663512064,0.7
P4,2,3,17,58,0.8465449782232979,0.7059644256269408,nonlinear,365,100,0.7,0.7962707682576534,13.752966893950495,0.7
P4,2,3,18,59,0.8465449782232979,0.7059644256269408,nonlinear,365,100,0.7,0.7949619387927931,13.565991256113305,0.7
P4,2,3,19,60,0.8465449782232979,0.7059644256269408,nonlinear,365,100,0.7,0.7942908297514911,13.47011853592731,0.7
P4,2,3,20,61,0.8465449782232979,0.7059644256269408,nonlinear,365,100,0.7,0.791406161335973,13.058023047996144,0.7
P4,2,3,21,62,0.8465449782232979,0.7059644256269408,nonlinear,365,100,0.7,0.8004988734463181,14.356981920902593,0.7
P4,2,3,22,63,0.8465449782232979,0.7059644256269408,nonlinear,365,100,0.7,0.7929556200997635,13.279374299966221,0.7
P4,2,3,23,64,0.8465449782232979,0.7059644256269408,nonlinear,365,100,0.7,0.7906321303843031,12.947447197757597,0.7
P4,2,3,24,65,0.8465449782232979,0.7059644256269408,nonlinear,365,100,0.7,0.7967340019238264,13.819143131975203,0.7
P4,2,3,25,66,0.8465449782232979,0.7059644256269408,nonlinear,365,100,0.7,0.7951982748209563,13.599753545850904,0.7
P4,2,3,26,67,0.8465449782232979,0.7059644256269408,nonlinear,365,100,0.7,0.7972626406833847,13.894662954769252,0.7
P4,2,3,27,68,0.8465449782232979,0.7059644256269408,nonlinear,365,100,0.7,0.7994695773686351,14.209939624090737,0.7
P4,2,3,28,69,0.8465449782232979,0.7059644256269408,nonlinear,365,100,0.7,0.7995881481111964,14.226878301599491,0.7
P4,2,3,29,70,0.8465449782232979,0.7059644256269408,nonlinear,365,100,0.7,0.7972542198845597,13.893459983508535,0.7
P4,2,3,30,71,0.8465449782232979,0.7059644256269408,nonlinear,365,100,0.7,0.792421325552719,13.2030465075313,0.7
P5,1,4,1,42,0.9384166061432972,0.5577708763999663,nonlinear,365,100,0.7,0.7680275739609391,9.718224851562738,0.7
P5,1,4,2,43,0.9384166061432972,0.5577708763999663,nonlinear,365,100,0.7,0.7661640694379693,9.45200991970991,0.7
P5,1,4,3,44,0.9384166061432972,0.5577708763999663,nonlinear,365,100,0.7,0.7697197177230303,9.959959674718617,0.7
P5,1,4,4,45,0.9384166061432972,0.5577708763999663,nonlinear,365,100,0.7,0.7681212096118549,9.731601373122139,0.7
P5,1,4,5,46,0.9384166061432972,0.5577708763999663,nonlinear,365,100,0.7,0.7712694896160717,10.181355659438816,0.7
P5,1,4,6,47,0.9384166061432972,0.5577708763999663,nonlinear,365,100,0.7,0.7704211251658825,10.060160737983214,0.7
P5,1,4,7,48,0.9384166061432972,0.5577708763999663,nonlinear,365,100,0.7,0.7679440065621036,9.706286651729092,0.7
P5,1,4,8,49,0.9384166061432972,0.5577708763999663,nonlinear,365,100,0.7,0.7695059906057801,9.92942722939716,0.7
P5,1,4,9,50,0.9384166061432972,0.5577708763999663,nonlinear,365,100,0.7,0.7655019454391312,9.35742077701875,0.7
P5,1,4,10,51,0.9384166061432972,0.5577708763999663,nonlinear,365,100,0.7,0.7669090201885731,9.55843145551045,0.7
P5,1,4,11,52,0.9384166061432972,0.5577708763999663,nonlinear,365,100,0.7,0.7705535785437071,10.07908264910102,0.7
P5,1,4,12,53,0.9384166061432972,0.5577708763999663,nonlinear,365,100,0.7,0.7708028211127492,10.114688730392754,0.7
P5,1,4,13,54,0.9384166061432972,0.5577708763999663,nonlinear,365,100,0.7,0.7704236518701426,10.060521695734666,0.7
P5,1,4,14,55,0.9384166061432972,0.5577708763999663,nonlinear,365,100,0.7,0.7688813286834595,9.84018981192279,0.7
P5,1,4,15,56,0.9384166061432972,0.5577708763999663,nonlinear,365,100,0.7,0.770667279149674,10.095325592810584,0.7
P5,1,4,16,57,0.9384166061432972,0.5577708763999663,nonlinear,365,100,0.7,0.7683216041447359,9.760229163533712,0.7
P5,1,4,17,58,0.9384166061432972,0.5577708763999663,nonlinear,365,100,0.7,0.7698793228289031,9.982760404129028,0.7
P5,1,4,18,59,0.9384166061432972,0.5577708763999663,nonlinear,365,100,0.7,0.7696518326890904,9.950261812727211,0.7
P5,1,4,19,60,0.9384166061432972,0.5577708763999663,nonlinear,365,100,0.7,0.7686097222599517,9.801388894278825,0.7
P5,1,4,20,61,0.9384166061432972,0.5577708763999663,nonlinear,365,100,0.7,0.7661155038539647,9.445071979137815,0.7
P5,1,4,21,62,0.9384166061432972,0.5577708763999663,nonlinear,365,100,0.7,0.7759173548354029,10.845336405057566,0.7
P5,1,4,22,63,0.9384166061432972,0.5577708763999663,nonlinear,365,100,0.7,0.7678915316465507,9.69879023522153,0.7
P5,1,4,23,64,0.9384166061432972,0.5577708763999663,nonlinear,365,100,0.7,0.7641946539176506,9.170664845378667,0.7
P5,1,4,24,65,0.9384166061432972,0.5577708763999663,nonlinear,365,100,0.7,0.7702817704625131,10.040252923216167,0.7
P5,1,4,25,66,0.9384166061432972,0.5577708763999663,nonlinear,365,100,0.7,0.7703205920402901,10.045798862898597,0.7
P5,1,4,26,67,0.9384166061432972,0.5577708763999663,nonlinear,365,100,0.7,0.771730359094983,10.247194156426149,0.7
P5,1,4,27,68,0.9384166061432972,0.5577708763999663,nonlinear,365,100,0.7,0.7733721784208905,10.48173977441293,0.7
P5,1,4,28,69,0.9384166061432972,0.5577708763999663,nonlinear,365,100,0.7,0.7736230846755743,10.517583525082047,0.7
P5,1,4,29,70,0.9384166061432972,0.5577708763999663,nonlinear,365,100,0.7,0.7724329917708908,10.3475702529844,0.7
P5,1,4,30,71,0.9384166061432972,0.5577708763999663,nonlinear,365,100,0.7,0.7661837025489259,9.45481464984656,0.7
P6,0,5,1,42,1.0,0.2,nonlinear,365,100,0.7,0.6949803679424064,-0.7170902939419419,0.7
P6,0,5,2,43,1.0,0.2,nonlinear,365,100,0.7,0.6907184047906256,-1.3259421727677612,0.7
P6,0,5,3,44,1.0,0.2,nonlinear,365,100,0.7,0.6965889696403226,-0.48729005138248294,0.7
P6,0,5,4,45,1.0,0.2,nonlinear,365,100,0.7,0.6930833692635395,-0.9880901052086326,0.7
P6,0,5,5,46,1.0,0.2,nonlinear,365,100,0.7,0.6982721307202012,-0.2468384685426761,0.7
P6,0,5,6,47,1.0,0.2,nonlinear,365,100,0.7,0.6963383810481153,-0.5230884216978086,0.7
P6,0,5,7,48,1.0,0.2,nonlinear,365,100,0.7,0.6936823138378091,-0.9025265945986944,0.7
P6,0,5,8,49,1.0,0.2,nonlinear,365,100,0.7,0.6946912980523859,-0.7583859925162878,0.7
P6,0,5,9,50,1.0,0.2,nonlinear,365,100,0.7,0.6903685113477286,-1.3759269503244815,0.7
P6,0,5,10,51,1.0,0.2,nonlinear,365,100,0.7,0.690828610485157,-1.3101985021204252,0.7
P6,0,5,11,52,1.0,0.2,nonlinear,365,100,0.7,0.6959228438467459,-0.5824508790363003,0.7
P6,0,5,12,53,1.0,0.2,nonlinear,365,100,0.7,0.6973081492672472,-0.38455010467897127,0.7
P6,0,5,13,54,1.0,0.2,nonlinear,365,100,0.7,0.6964136579567219,-0.5123345776111446,0.7
P6,0,5,14,55,1.0,0.2,nonlinear,365,100,0.7,0.6940574951014731,-0.8489292712181256,0.7
P6,0,5,15,56,1.0,0.2,nonlinear,365,100,0.7,0.6957777851757503,-0.6031735463213815,0.7
P6,0,5,16,57,1.0,0.2,nonlinear,365,100,0.7,0.6953532198817352,-0.6638257311806863,0.7
P6,0,5,17,58,1.0,0.2,nonlinear,365,100,0.7,0.6941239401107441,-0.8394371270365544,0.7
P6,0,5,18,59,1.0,0.2,nonlinear,365,100,0.7,0.6963046341390534,-0.5279094087066489,0.7
P6,0,5,19,60,1.0,0.2,nonlinear,365,100,0.7,0.6945453801228343,-0.7792314110236668,0.7
P6,0,5,20,61,1.0,0.2,nonlinear,365,100,0.7,0.6928100816265457,-1.0271311962077552,0.7
P6,0,5,21,62,1.0,0.2,nonlinear,365,100,0.7,0.704350516430633,0.6215023472332858,0.7
P6,0,5,22,63,1.0,0.2,nonlinear,365,100,0.7,0.6951606931461295,-0.6913295505529232,0.7
P6,0,5,23,64,1.0,0.2,nonlinear,365,100,0.7,0.6882516162482408,-1.67834053596559,0.7
P6,0,5,24,65,1.0,0.2,nonlinear,365,100,0.7,0.6940605753076635,-0.8484892417623482,0.7
P6,0,5,25,66,1.0,0.2,nonlinear,365,100,0.7,0.6978325058956251,-0.30964201491069854,0.7
P6,0,5,26,67,1.0,0.2,nonlinear,365,100,0.7,0.697952782656524,-0.2924596204965578,0.7
P6,0,5,27,68,1.0,0.2,nonlinear,365,100,0.7,0.6981178354926307,-0.26888064390988886,0.7
P6,0,5,28,69,1.0,0.2,nonlinear,365,100,0.7,0.698908137330244,-0.15598038139370235,0.7
P6,0,5,29,70,1.0,0.2,nonlinear,365,100,0.7,0.7002185502302793,0.03122146146848439,0.7
P6,0,5,30,71,1.0,0.2,nonlinear,365,100,0.7,0.6907652954355059,-1.3192435092134351,0.7
